{"loss": [0.4437272250652313, 0.3210231363773346, 0.26484259963035583, 0.24026615917682648, 0.2189568430185318, 0.22162756323814392, 0.2396617978811264, 0.1789507120847702, 0.18020594120025635, 0.17663602530956268, 0.1725711226463318, 0.15323501825332642, 0.14760422706604004, 0.14930647611618042, 0.13831616938114166, 0.1393197923898697, 0.1420092135667801, 0.12763674557209015, 0.13229525089263916, 0.13355398178100586, 0.12102892994880676, 0.1271938979625702, 0.11754317581653595, 0.12934118509292603, 0.10902579873800278, 0.11550851911306381, 0.12152096629142761, 0.14463278651237488, 0.10984748601913452, 0.10659963637590408, 0.09862304478883743, 0.1123197078704834, 0.11492950469255447, 0.12022248655557632, 0.12097633630037308, 0.11913731694221497, 0.11329057067632675, 0.09693516045808792, 0.1021970883011818, 0.11322495341300964, 0.15264536440372467, 0.11571045964956284, 0.1261204481124878, 0.11032534390687943, 0.09871923923492432, 0.12497896701097488, 0.09802316129207611, 0.1140935942530632, 0.08702448755502701, 0.09796008467674255, 0.09640529006719589, 0.0994771420955658, 0.09181006997823715, 0.10977117717266083, 0.09545603394508362, 0.0931197851896286, 0.09066274762153625, 0.10504810512065887, 0.0878639817237854, 0.1269645392894745, 0.08844386786222458, 0.080705925822258, 0.08735797554254532, 0.08465028554201126, 0.11379367858171463, 0.09422115236520767, 0.10835409164428711, 0.09673705697059631, 0.10635451227426529, 0.0919140875339508, 0.0779290497303009, 0.08542432636022568, 0.08825218677520752, 0.07268387079238892, 0.0907847210764885, 0.07394833862781525, 0.10655052214860916, 0.09257501363754272, 0.08599354326725006, 0.079074926674366, 0.07660594582557678, 0.09027804434299469, 0.083522729575634, 0.10287680476903915, 0.09247135370969772, 0.06462380290031433, 0.09293005615472794, 0.07237818092107773, 0.07449082285165787, 0.07861994951963425, 0.07324569672346115, 0.08174946904182434, 0.10208036005496979, 0.0845370888710022, 0.0715821385383606, 0.07475937902927399, 0.05995799973607063, 0.08930764347314835, 0.07992205023765564, 0.07705860584974289], "accuracy": [0.8227272629737854, 0.873701274394989, 0.892532467842102, 0.9051948189735413, 0.9191558361053467, 0.9090909361839294, 0.9055194854736328, 0.9285714030265808, 0.9344155788421631, 0.9327921867370605, 0.9357143044471741, 0.9392856955528259, 0.9428571462631226, 0.9457792043685913, 0.948051929473877, 0.9503246545791626, 0.9454545378684998, 0.9522727131843567, 0.9496753215789795, 0.951298713684082, 0.9564934968948364, 0.9487013220787048, 0.9607142806053162, 0.9529221057891846, 0.9623376727104187, 0.9600649476051331, 0.958116888999939, 0.9451298713684082, 0.9600649476051331, 0.9642857313156128, 0.9639610648155212, 0.9607142806053162, 0.956818163394928, 0.9542207717895508, 0.9535714387893677, 0.9600649476051331, 0.9620130062103271, 0.965584397315979, 0.9616883397102356, 0.9597402811050415, 0.9571428298950195, 0.9584415555000305, 0.9535714387893677, 0.9629870057106018, 0.9652597308158875, 0.9584415555000305, 0.9636363387107849, 0.9555194973945618, 0.9659090638160706, 0.9694805145263672, 0.9597402811050415, 0.9646103978157043, 0.9620130062103271, 0.9613636136054993, 0.9652597308158875, 0.9642857313156128, 0.9675324559211731, 0.9603896141052246, 0.965584397315979, 0.9652597308158875, 0.9688311815261841, 0.9698051810264587, 0.965584397315979, 0.9707792401313782, 0.9607142806053162, 0.9694805145263672, 0.9691558480262756, 0.9652597308158875, 0.96688312292099, 0.9678571224212646, 0.9727272987365723, 0.9701298475265503, 0.9665584564208984, 0.9720779061317444, 0.9681817889213562, 0.9714285731315613, 0.96688312292099, 0.965584397315979, 0.9711039066314697, 0.975649356842041, 0.9769480228424072, 0.9688311815261841, 0.9685065150260925, 0.9636363387107849, 0.9659090638160706, 0.9779220819473267, 0.9714285731315613, 0.9740259647369385, 0.975649356842041, 0.9711039066314697, 0.9704545736312866, 0.9691558480262756, 0.9642857313156128, 0.9672077894210815, 0.9792208075523376, 0.9717532396316528, 0.9769480228424072, 0.9665584564208984, 0.9704545736312866, 0.9711039066314697], "val_loss": [4.806637763977051, 3.766007900238037, 2.563490867614746, 6.013558387756348, 0.25300467014312744, 9.321162223815918, 3.891458749771118, 0.40637287497520447, 0.686764121055603, 2.1401560306549072, 0.5853645205497742, 0.70537930727005, 2.9114444255828857, 0.9671587347984314, 0.11000630259513855, 1.2450683116912842, 0.920272946357727, 0.31621402502059937, 0.12275651097297668, 0.24675409495830536, 0.3132608234882355, 1.3329015970230103, 0.10515201836824417, 0.5721025466918945, 0.12449629604816437, 0.7594151496887207, 2.225543260574341, 1.07025945186615, 2.962857961654663, 2.0871715545654297, 0.8818820714950562, 0.5236034393310547, 7.492376804351807, 0.6817812919616699, 1.8544836044311523, 0.10008096694946289, 0.11822538822889328, 0.9193042516708374, 1.2981722354888916, 0.5214512944221497, 0.21095483005046844, 1.730627417564392, 1.3844997882843018, 0.09406498819589615, 0.11781199276447296, 0.7991508841514587, 1.0913630723953247, 0.1662643700838089, 0.07814331352710724, 0.5734866857528687, 0.23943911492824554, 0.11667528748512268, 0.10089278221130371, 0.959937334060669, 0.2910507917404175, 0.7896752953529358, 2.658003807067871, 4.549010276794434, 0.22067277133464813, 0.2179175317287445, 0.39789649844169617, 0.1465662270784378, 0.2615325152873993, 0.16057442128658295, 0.5462163090705872, 0.10537301748991013, 0.5679271221160889, 0.11044174432754517, 0.236845001578331, 0.08683310449123383, 0.08099665492773056, 0.34827783703804016, 0.2711416482925415, 0.9448733925819397, 1.4963834285736084, 0.5025690197944641, 6.35260009765625, 0.18627505004405975, 0.30139872431755066, 0.08564106374979019, 0.708667516708374, 0.26753371953964233, 0.18101531267166138, 0.3955450654029846, 0.14593353867530823, 0.1798948347568512, 0.14488005638122559, 0.21494966745376587, 0.6703075766563416, 0.6804522275924683, 0.08887629956007004, 0.4228023588657379, 0.3883318305015564, 0.15474823117256165, 0.24293817579746246, 0.10521126538515091, 3.332831621170044, 0.3838099241256714, 0.7501706480979919, 0.10275152325630188],