{"loss": [0.4225091338157654, 0.2391454130411148, 0.22668421268463135, 0.19062882661819458, 0.18107417225837708, 0.17708611488342285, 0.18029586970806122, 0.15580177307128906, 0.14706405997276306, 0.12607572972774506, 0.13781054317951202, 0.1310080885887146, 0.14191843569278717, 0.1279153972864151, 0.14299049973487854, 0.11501090973615646, 0.1180625930428505, 0.13900026679039001, 0.12536953389644623, 0.11320243030786514, 0.11289549618959427, 0.12314170598983765, 0.10300084948539734, 0.13028210401535034, 0.09635374695062637, 0.10708402842283249, 0.09316425025463104, 0.10171496868133545, 0.11570317298173904, 0.09458208829164505, 0.10418067872524261, 0.09934989362955093, 0.09446490556001663, 0.09322609752416611, 0.10174708068370819, 0.08139955252408981, 0.10430112481117249, 0.09567182511091232, 0.09935459494590759, 0.08495180308818817, 0.09175331890583038, 0.09152017533779144, 0.07424689084291458, 0.08111245930194855, 0.09747762978076935, 0.13551463186740875, 0.10624556243419647, 0.12016899883747101, 0.09186506271362305, 0.07409157603979111, 0.07592088729143143, 0.07919446378946304, 0.08110826462507248, 0.08454681932926178, 0.07879029959440231, 0.07381734251976013, 0.08555273711681366, 0.06737649440765381, 0.06903891265392303, 0.06470894813537598, 0.0716247484087944, 0.0632929652929306, 0.06462791562080383, 0.07444293797016144, 0.07428410649299622, 0.060996659100055695, 0.086605004966259, 0.07011091709136963, 0.05995844677090645, 0.055689942091703415, 0.07308676838874817, 0.06303848326206207, 0.06177276372909546, 0.05439193546772003, 0.06197156012058258, 0.06609207391738892, 0.07306275516748428, 0.06715966016054153, 0.06829582899808884, 0.06786585599184036, 0.06768385320901871, 0.06472208350896835, 0.0687016174197197, 0.051462799310684204, 0.0730266198515892, 0.06265931576490402, 0.06781367212533951, 0.05378304421901703, 0.04943815618753433, 0.07102107256650925, 0.06995371729135513, 0.06152922287583351, 0.07749500870704651, 0.04726921021938324, 0.04959945008158684, 0.04906315356492996, 0.05552489683032036, 0.07027225941419601, 0.07319103181362152, 0.06156955659389496], "accuracy": [0.8366883397102356, 0.9038960933685303, 0.90811687707901, 0.9207792282104492, 0.9243506789207458, 0.9308441281318665, 0.9253246784210205, 0.9431818127632141, 0.9428571462631226, 0.9538961052894592, 0.9405844211578369, 0.9503246545791626, 0.9444805383682251, 0.9522727131843567, 0.9396103620529175, 0.9564934968948364, 0.9574675559997559, 0.9470779299736023, 0.9483765959739685, 0.9561688303947449, 0.9516233801841736, 0.9564934968948364, 0.9616883397102356, 0.9548701047897339, 0.9633116722106934, 0.9616883397102356, 0.9652597308158875, 0.958116888999939, 0.9574675559997559, 0.9649350643157959, 0.9610389471054077, 0.9616883397102356, 0.9629870057106018, 0.9714285731315613, 0.9577922224998474, 0.9711039066314697, 0.9633116722106934, 0.9607142806053162, 0.9623376727104187, 0.9665584564208984, 0.9646103978157043, 0.9675324559211731, 0.9704545736312866, 0.9730519652366638, 0.9704545736312866, 0.9551948308944702, 0.9636363387107849, 0.956818163394928, 0.9642857313156128, 0.9691558480262756, 0.965584397315979, 0.9711039066314697, 0.9698051810264587, 0.9681817889213562, 0.9681817889213562, 0.9746752977371216, 0.9688311815261841, 0.9762986898422241, 0.97435063123703, 0.9772727489471436, 0.9724025726318359, 0.9737012982368469, 0.9750000238418579, 0.9720779061317444, 0.9746752977371216, 0.975649356842041, 0.9685065150260925, 0.9733766317367554, 0.975649356842041, 0.9801948070526123, 0.9724025726318359, 0.9769480228424072, 0.9724025726318359, 0.9798701405525208, 0.975649356842041, 0.9775974154472351, 0.9727272987365723, 0.9782467484474182, 0.9746752977371216, 0.9762986898422241, 0.9772727489471436, 0.9772727489471436, 0.9772727489471436, 0.9827921986579895, 0.9759740233421326, 0.9762986898422241, 0.9762986898422241, 0.9792208075523376, 0.9837662577629089, 0.9730519652366638, 0.9740259647369385, 0.9792208075523376, 0.9769480228424072, 0.982467532157898, 0.982467532157898, 0.9847402572631836, 0.9775974154472351, 0.9792208075523376, 0.9772727489471436, 0.9775974154472351], "val_loss": [2.192000150680542, 1.626161813735962, 2.999051809310913, 0.7107670307159424, 0.5945891737937927, 0.7311576008796692, 0.24292375147342682, 3.3233578205108643, 0.31421372294425964, 0.354332834482193, 0.5218969583511353, 0.21301591396331787, 0.9699923396110535, 0.12746764719486237, 0.19930948317050934, 0.5340645909309387, 1.6136749982833862, 0.30416831374168396, 4.0806756019592285, 0.17555256187915802, 0.09825455397367477, 0.8180139660835266, 1.5841295719146729, 0.12318860739469528, 2.264239549636841, 0.2767922878265381, 1.9264888763427734, 0.39238440990448, 1.0506671667099, 0.8125935792922974, 0.552824079990387, 0.7256616950035095, 0.5592232346534729, 0.08952292054891586, 0.976622462272644, 1.0835832357406616, 0.18826891481876373, 0.10650952160358429, 0.12575294077396393, 0.10756955295801163, 0.105474092066288, 0.1389177292585373, 0.32525646686553955, 0.23155981302261353, 0.4737132489681244, 1.6471751928329468, 3.9437763690948486, 0.4156414270401001, 0.1704438179731369, 0.8438635468482971, 0.2163098007440567, 0.2238025665283203, 0.3725273311138153, 0.3323747217655182, 0.5925275683403015, 0.831248939037323, 0.40325531363487244, 0.19261035323143005, 1.1612234115600586, 0.2427428811788559, 0.16369777917861938, 1.4278411865234375, 0.18562588095664978, 0.7244177460670471, 2.397814989089966, 0.18646098673343658, 0.2504761219024658, 0.2530529797077179, 0.15916021168231964, 0.2531278133392334, 0.26269543170928955, 0.22851848602294922, 0.0721939355134964, 0.5734509825706482, 0.4030524790287018, 0.5374986529350281, 0.7062710523605347, 0.3573721647262573, 0.1087871789932251, 3.7672250270843506, 0.26997458934783936, 0.07950792461633682, 0.25500380992889404, 1.8457072973251343, 0.6305884122848511, 0.14463092386722565, 0.1396082639694214, 0.12367146462202072, 1.3668469190597534, 0.26385200023651123, 0.8989946842193604, 0.5605546236038208, 0.10373589396476746, 0.09456099569797516, 0.14445705711841583, 0.08152090758085251, 0.09541720151901245, 2.124624729156494, 0.06625145673751831, 0.35560911893844604],