{"loss": [1.2501304149627686, 0.8199216723442078, 0.5954080820083618, 0.42477700114250183, 0.39499351382255554, 0.36660414934158325, 0.3456900417804718, 0.34501612186431885, 0.32164084911346436, 0.3351038098335266, 0.31668680906295776, 0.29603156447410583, 0.2888711988925934, 0.28361424803733826, 0.2853488028049469, 0.30313223600387573, 0.27570128440856934, 0.2548290193080902, 0.29638051986694336, 0.25482720136642456, 0.2363854944705963, 0.2539879083633423, 0.22324904799461365, 0.22833594679832458, 0.2203652709722519, 0.20307616889476776, 0.201898455619812, 0.18659719824790955, 0.18836796283721924, 0.1943736970424652, 0.17724807560443878, 0.1643574833869934, 0.15664952993392944, 0.18217222392559052, 0.21405261754989624, 0.1529988795518875, 0.14926359057426453, 0.1460326611995697, 0.13408569991588593, 0.13605067133903503, 0.15034255385398865, 0.13731341063976288, 0.11806631088256836, 0.1200338825583458, 0.11278615891933441, 0.09923383593559265, 0.11008527874946594, 0.1202610582113266, 0.1306714117527008, 0.14446483552455902, 0.1059112623333931, 0.10719359666109085, 0.11170870810747147, 0.07735776156187057, 0.07623758167028427, 0.07400860637426376, 0.058596596121788025, 0.05864458531141281, 0.0612277090549469, 0.048987407237291336, 0.07807764410972595, 0.07525046914815903, 0.05181009694933891, 0.05061293765902519, 0.04355911910533905, 0.035023562610149384, 0.026788389310240746, 0.02141473814845085, 0.024990960955619812, 0.01819952204823494, 0.017920315265655518, 0.014101259410381317, 0.013650650158524513, 0.012665113434195518, 0.052164677530527115, 0.03732847422361374, 0.023998092859983444, 0.011012003757059574, 0.010253245942294598, 0.018170461058616638, 0.021023327484726906, 0.015423254109919071, 0.004808779805898666, 0.004120237659662962, 0.0035584785509854555, 0.008848275989294052, 0.008693000301718712, 0.0039533148519694805, 0.0030139489099383354, 0.002055636141449213, 0.0018763996195048094, 0.0017680772580206394, 0.0015619541518390179, 0.0015798783861100674, 0.0014872807078063488, 0.0012515689013525844, 0.001177149242721498, 0.0011461465619504452, 0.0010045852977782488, 0.0009621594799682498], "accuracy": [0.47062501311302185, 0.6131250262260437, 0.7250000238418579, 0.7931249737739563, 0.7950000166893005, 0.8187500238418579, 0.8212500214576721, 0.809374988079071, 0.8318750262260437, 0.8306249976158142, 0.8356249928474426, 0.859375, 0.8525000214576721, 0.8556249737739563, 0.8568750023841858, 0.8362500071525574, 0.8756250143051147, 0.8824999928474426, 0.8500000238418579, 0.8818749785423279, 0.8868749737739563, 0.8693749904632568, 0.8999999761581421, 0.9012500047683716, 0.893750011920929, 0.9068750143051147, 0.9118750095367432, 0.9231250286102295, 0.9175000190734863, 0.9137499928474426, 0.9206249713897705, 0.9287499785423279, 0.9331250190734863, 0.918749988079071, 0.8987500071525574, 0.9331250190734863, 0.934374988079071, 0.940625011920929, 0.9431250095367432, 0.9443749785423279, 0.9350000023841858, 0.9387500286102295, 0.9537500143051147, 0.9568750262260437, 0.9568750262260437, 0.9606249928474426, 0.9537500143051147, 0.953125, 0.9481250047683716, 0.9418749809265137, 0.9581249952316284, 0.956250011920929, 0.9518749713897705, 0.9756249785423279, 0.9731249809265137, 0.9743750095367432, 0.9793750047683716, 0.9800000190734863, 0.9781249761581421, 0.9837499856948853, 0.9700000286102295, 0.9706249833106995, 0.9800000190734863, 0.981249988079071, 0.9856250286102295, 0.9900000095367432, 0.9956250190734863, 0.9962499737739563, 0.9931250214576721, 0.9975000023841858, 0.9962499737739563, 0.9981250166893005, 0.9975000023841858, 0.9987499713897705, 0.9768750071525574, 0.984375, 0.9925000071525574, 0.9987499713897705, 0.9981250166893005, 0.9925000071525574, 0.9931250214576721, 0.9950000047683716, 1.0, 1.0, 1.0, 0.9981250166893005, 0.9981250166893005, 1.0, 1.0, 1.0, 1.0, 1.0, 1.0, 1.0, 1.0, 1.0, 1.0, 1.0, 1.0, 1.0], "val_loss": [0.9731013178825378, 0.7277405858039856, 0.45964667201042175, 0.4452386200428009, 0.38953644037246704, 0.350747287273407, 0.3457302749156952, 0.3599875271320343, 0.3833291828632355, 0.3368106186389923, 0.30139538645744324, 0.30580002069473267, 0.29173794388771057, 0.30441680550575256, 0.2866850793361664, 0.29159992933273315, 0.276775598526001, 0.4478418827056885, 0.30169421434402466, 0.25707772374153137, 0.2468218207359314, 0.2431437075138092, 0.2337268441915512, 0.2989847660064697, 0.2344527393579483, 0.26820605993270874, 0.2204071581363678, 0.25702565908432007, 0.24135513603687286, 0.2614738345146179, 0.2515653371810913, 0.22538357973098755, 0.21674828231334686, 0.3652779757976532, 0.23139889538288116, 0.22172898054122925, 0.2209174484014511, 0.223748117685318, 0.23791855573654175, 0.204192653298378, 0.2110823392868042, 0.24682211875915527, 0.24913115799427032, 0.22912098467350006, 0.2805641293525696, 0.2455805093050003, 0.21103762090206146, 0.28397923707962036, 0.255204439163208, 0.25227105617523193, 0.3696710169315338, 0.22011017799377441, 0.23040355741977692, 0.24460972845554352, 0.2592414319515228, 0.23407474160194397, 0.2616463005542755, 0.25173693895339966, 0.2903728485107422, 0.2505914866924286, 0.33205392956733704, 0.27774178981781006, 0.2831163704395294, 0.26893386244773865, 0.2629750370979309, 0.249723419547081, 0.2523965537548065, 0.3377879858016968, 0.27969804406166077, 0.3088324964046478, 0.29925262928009033, 0.31133419275283813, 0.3732962906360626, 0.29629212617874146, 0.2772485911846161, 0.36468306183815, 0.35141754150390625, 0.30663231015205383, 0.38023144006729126, 0.3560432493686676, 0.44111883640289307, 0.3444051742553711, 0.34368443489074707, 0.3417166471481323, 0.36252400279045105, 0.36473172903060913, 0.35846614837646484, 0.35984674096107483, 0.3683047592639923, 0.3694749176502228, 0.389987975358963, 0.3884807527065277, 0.38278472423553467, 0.3965413272380829, 0.39231419563293457, 0.40036314725875854, 0.40345311164855957, 0.40620794892311096, 0.4127039313316345, 0.4147714376449585], "val_accuracy": [0.571052610874176, 0.5973684191703796, 0.7631579041481018, 0.7315789461135864, 0.7947368621826172, 0.821052610874176, 0.8026315569877625, 0.7947368621826172, 0.7973684072494507, 0.8447368144989014, 0.8578947186470032, 0.8289473652839661, 0.8368421196937561, 0.8447368144989014, 0.8578947186470032, 0.8605263233184814, 0.8473684191703796, 0.807894766330719, 0.8447368144989014, 0.8736842274665833, 0.8736842274665833, 0.8868421316146851, 0.8894736766815186, 0.8447368144989014, 0.8947368264198303, 0.8736842274665833, 0.8842105269432068, 0.8842105269432068, 0.8947368264198303, 0.8921052813529968, 0.8736842274665833, 0.8921052813529968, 0.878947377204895, 0.8473684191703796, 0.8842105269432068, 0.8921052813529968, 0.8973684310913086, 0.9078947305679321, 0.8973684310913086, 0.8999999761581421, 0.8921052813529968, 0.8842105269432068, 0.8921052813529968, 0.8842105269432068, 0.8868421316146851, 0.8999999761581421, 0.8947368264198303, 0.8894736766815186, 0.8947368264198303, 0.8973684310913086, 0.8578947186470032, 0.8973684310913086, 0.9026315808296204, 0.8999999761581421, 0.8947368264198303, 0.8947368264198303, 0.8999999761581421, 0.9026315808296204, 0.8999999761581421, 0.9105263352394104, 0.8868421316146851, 0.8894736766815186, 0.9026315808296204, 0.8947368264198303, 0.9052631855010986, 0.8973684310913086, 0.8973684310913086, 0.8921052813529968, 0.8947368264198303, 0.8999999761581421, 0.8921052813529968, 0.8999999761581421, 0.8842105269432068, 0.8973684310913086, 0.8973684310913086, 0.8973684310913086, 0.8815789222717285, 0.9026315808296204, 0.8973684310913086, 0.8894736766815186, 0.8842105269432068, 0.8947368264198303, 0.8999999761581421, 0.8999999761581421, 0.9026315808296204, 0.8921052813529968, 0.8921052813529968, 0.8999999761581421, 0.9078947305679321, 0.8999999761581421, 0.8973684310913086, 0.8999999761581421, 0.8999999761581421, 0.9052631855010986, 0.9052631855010986, 0.8999999761581421, 0.9052631855010986, 0.9026315808296204, 0.9052631855010986, 0.9026315808296204]}